Mexican, Restaurants
Bakeries, Food, Breakfast & Brunch, Sandwiches, Restaurants
Bakeries, Food, Sandwiches, Restaurants
Fast Food, Restaurants
Vietnamese, Restaurants
Burgers, Fast Food, Restaurants
Fast Food, Restaurants
Food, Seafood, Seafood Markets, Specialty Food, Barbeque, Restaurants
Chinese, Restaurants
Mexican, Restaurants
Bakeries, Food, Desserts
Fast Food, Restaurants
Food, Donuts
American (Traditional), Comfort Food, Restaurants
Mexican, Restaurants
Filipino, Restaurants
American (Traditional), Barbeque, Restaurants
Pakistani, Indian, Restaurants
Chinese, Restaurants
Asian Fusion, Restaurants
Chinese, Restaurants
Food, Grocery
Burgers, Restaurants
American (Traditional), Mexican, Restaurants
German, Restaurants
Barbeque, Restaurants
Pizza, Restaurants
Food, Ice Cream & Frozen Yogurt
Vegetarian, American (New), Salad, Restaurants
Bakeries, Food, Cafes, Restaurants
Sandwiches, Pizza, Chicken Wings, Restaurants
Restaurants, Pizza, Italian
Fast Food, Restaurants
Food, Street Vendors, Barbeque, Restaurants
Food, Specialty Food, Mediterranean, Restaurants
Food, Coffee & Tea
Mexican, Restaurants
Chicken Wings, Restaurants
Mexican, Restaurants
Food, Desserts
Greek, Mediterranean, Restaurants
Mexican, Restaurants
Food, Coffee & Tea
Fast Food, Restaurants
Middle Eastern, Restaurants
Food, Coffee & Tea, American (New), Restaurants
Italian, Pizza, Restaurants
Food, Coffee & Tea
Restaurants, Italian
American (Traditional), Restaurants
Food, Pretzels
Food, Coffee & Tea
Pizza, Restaurants
Gluten-Free, Asian Fusion, Chinese, Restaurants
Pizza, Restaurants
Food, Specialty Food, Candy Stores
Burgers, Fast Food, Restaurants
American (Traditional), Steakhouses, Barbeque, Restaurants
Burgers, Fast Food, Restaurants
American (Traditional), Steakhouses, Restaurants
Sandwiches, Restaurants
Barbeque, Restaurants
Sandwiches, Restaurants
Buffets, Chinese, Restaurants
Mexican, Restaurants
Sandwiches, Restaurants
Food, Breakfast & Brunch, Bagels, Delis, Restaurants
Food, Soul Food, American (New), Desserts, Restaurants
Fast Food, Mexican, Tex-Mex, Restaurants
Mexican, Restaurants
Mexican, Restaurants
Food, Coffee & Tea
Burgers, American (Traditional), Hot Dogs, Restaurants
American (New), Restaurants
Food, Specialty Food, Candy Stores
Food, Coffee & Tea
Restaurants, Pizza, Italian
Food, Ice Cream & Frozen Yogurt, Shaved Ice
American (New), French, Restaurants
Sushi Bars, Japanese, Restaurants
Food, Desserts, American (Traditional), American (New), Restaurants
Food, Ice Cream & Frozen Yogurt, Coffee & Tea, Juice Bars & Smoothies
Burgers, American (Traditional), Restaurants
Bakeries, Food, Breakfast & Brunch, Mexican, Restaurants
Breakfast & Brunch, Restaurants
Latin American, Restaurants
Food, Coffee & Tea
Fast Food, Restaurants
Sushi Bars, Japanese, Chinese, Restaurants
Mexican, Restaurants
Dim Sum, Fast Food, Asian Fusion, Chinese, Restaurants
Middle Eastern, Restaurants
Afghan, Restaurants
Fast Food, Mexican, Restaurants
Food, Grocery
Mexican, Restaurants
Restaurants, Italian
Fast Food, Tex-Mex, Restaurants
Food, Ice Cream & Frozen Yogurt
Vegetarian, Diners, Vegan, Restaurants
Breakfast & Brunch, Restaurants
Mexican, Restaurants
Food, Street Vendors, Mexican, Restaurants
Burgers, Breakfast & Brunch, American (Traditional), Restaurants
Japanese, Restaurants
Burgers, Fast Food, Restaurants
Mexican, Restaurants
Food, Beer, Wine & Spirits
Food, Specialty Food
Cafes, Restaurants
Food, Coffee & Tea
Pizza, Restaurants
Mexican, Restaurants
American (Traditional), Restaurants
Mexican, Restaurants
Thai, Restaurants
Pizza, Restaurants
Vegetarian, American (New), Mediterranean, Restaurants
Steakhouses, Restaurants
Food, Ice Cream & Frozen Yogurt
Food, Ice Cream & Frozen Yogurt, Restaurants, Sandwiches, Burgers
Breakfast & Brunch, American (New), Restaurants
Mexican, Restaurants
Seafood, Caribbean, Hawaiian, Restaurants
Mexican, Restaurants
Mexican, Restaurants
Mexican, Restaurants
Korean, Restaurants
Burgers, Restaurants
Food, Coffee & Tea, American (New), Restaurants
Vietnamese, Restaurants
Food, Ice Cream & Frozen Yogurt
Chinese, Restaurants
Food, Ice Cream & Frozen Yogurt
Burgers, American (Traditional), Restaurants
Restaurants
Mexican, Restaurants
Mexican, Restaurants
Sandwiches, Restaurants
Food, Coffee & Tea
Korean, Chinese, Restaurants
Greek, Mediterranean, Middle Eastern, Restaurants
Restaurants, Italian
Food, Breakfast & Brunch, Coffee & Tea, Restaurants
Mexican, Restaurants
Mexican, Restaurants
Burgers, Delis, Salad, Restaurants
Food, Juice Bars & Smoothies
Food, Coffee & Tea
Szechuan, Asian Fusion, Mexican, Chinese, Restaurants
Chinese, Restaurants
Restaurants, Italian
Cheesesteaks, Sandwiches, Salad, Restaurants
Sushi Bars, Japanese, Restaurants
American (Traditional), Comfort Food, Restaurants
Breakfast & Brunch, American (Traditional), Restaurants
American (Traditional), Restaurants
American (Traditional), Restaurants
Fast Food, Chicken Wings, Restaurants
Food, Coffee & Tea
Food, Specialty Food, Candy Stores
Burgers, Restaurants
Food, Grocery
Food, Grocery
Food, Ice Cream & Frozen Yogurt
Breakfast & Brunch, Diners, Restaurants
Food
Food, Ice Cream & Frozen Yogurt
Gluten-Free, Asian Fusion, Chinese, Restaurants
Vietnamese, Restaurants
Pizza, Restaurants
Fast Food, Restaurants
Pizza, Restaurants
Mexican, Restaurants
Mexican, Restaurants
Food, Do-It-Yourself Food, Specialty Food
Soup, American (New), Sandwiches, Restaurants
Fast Food, Restaurants
Steakhouses, Restaurants
Steakhouses, Restaurants
Restaurants
Food, Street Vendors, Asian Fusion, Restaurants
Food, American (New), Breweries, Restaurants
Chinese, Restaurants
Sandwiches, Restaurants
American (Traditional), Steakhouses, Seafood, Restaurants
American (Traditional), Restaurants
Italian, Pizza, Sandwiches, Restaurants
Food, Specialty Food
Steakhouses, Sushi Bars, Japanese, Restaurants
Food, Coffee & Tea
Food, Grocery
Mexican, Restaurants
Food, Ethnic Food, Grocery, Specialty Food
Indian, Restaurants
Food, Desserts
Burgers, Hot Dogs, Salad, Restaurants
Food, Bagels, Breakfast & Brunch, Delis, Restaurants
American (Traditional), Restaurants
Buffets, Restaurants
Mexican, Restaurants
Restaurants
Barbeque, Restaurants
Mexican, Restaurants
Sandwiches, Restaurants
Sandwiches, Restaurants
Mexican, Restaurants
Mexican, Restaurants
Chinese, Restaurants
Bakeries, Food, Sandwiches, Restaurants
Steakhouses, Restaurants
Food, Juice Bars & Smoothies
Fast Food, Restaurants
Food, Pizza, Food Trucks, Restaurants
Food, Coffee & Tea
Food, Desserts
Pizza, Restaurants
Food, Beer, Wine & Spirits
Food, Coffee & Tea
Steakhouses, American (Traditional), Sandwiches, Restaurants
Pizza, Restaurants
Fast Food, Restaurants
Vietnamese, Restaurants
Fast Food, Restaurants
Breakfast & Brunch, American (Traditional), Sandwiches, Restaurants
Chinese, Restaurants
Food, Desserts, Bakeries
Mexican, Restaurants
American (New), Restaurants
Buffets, Mediterranean, Restaurants
Food, Breweries
Burgers, Fast Food, Restaurants
Food, Grocery, Indian, Buffets, Restaurants
Food, Coffee & Tea
Mediterranean, Persian/Iranian, Middle Eastern, Restaurants
Sandwiches, Restaurants
Food, Desserts, Ice Cream & Frozen Yogurt
Food, Ice Cream & Frozen Yogurt
Fast Food, Mexican, Tex-Mex, Restaurants
Food, Ice Cream & Frozen Yogurt
Mexican, Restaurants
Hawaiian, Barbeque, Restaurants
Sandwiches, Pizza, Chicken Wings, Restaurants
Food, Ice Cream & Frozen Yogurt
Food, Coffee & Tea
Asian Fusion, Mongolian, Restaurants
Food, Grocery
Mexican, Restaurants
Italian, Pizza, Restaurants
Food, Specialty Food, Seafood Markets
Delis, Sandwiches, Restaurants
Food, Specialty Food, Candy Stores
American (Traditional), Sandwiches, Restaurants
Burgers, Restaurants
American (New), Restaurants
Food, Beer, Wine & Spirits, American (Traditional), Restaurants
Fast Food, Restaurants
Breakfast & Brunch, Restaurants
Fast Food, Restaurants
Mexican, Restaurants
Food, Ice Cream & Frozen Yogurt
Food, Ethnic Food, Specialty Food
Sushi Bars, Japanese, Restaurants
Food, Beer, Wine & Spirits, Grocery
Restaurants
Pizza, Restaurants
Burgers, Fast Food, Restaurants
Diners, Restaurants
Vegetarian, American (New), Mediterranean, Restaurants
Food, Juice Bars & Smoothies
Italian, Pizza, Sandwiches, Restaurants
Food, Coffee & Tea
Burgers, American (Traditional), Steakhouses, Restaurants
Food, Grocery
Mexican, Restaurants
Food, Juice Bars & Smoothies, Sandwiches, Restaurants
Thai, Restaurants
Cafes, Colombian, Latin American, Restaurants
Sandwiches, Restaurants
Hot Dogs, Restaurants
Breakfast & Brunch, Restaurants
Fast Food, Mexican, Tex-Mex, Restaurants
Sandwiches, Restaurants
Food, Desserts, Restaurants, Burgers
Mexican, Restaurants
Food, Ice Cream & Frozen Yogurt
Food, Desserts, Ice Cream & Frozen Yogurt
Italian, Pizza, Sandwiches, Restaurants
Food, Coffee & Tea
Food
Mexican, Restaurants
Pizza, Restaurants
Mexican, Restaurants
American (Traditional), Restaurants
Mexican, Restaurants
Food, Bakeries, Coffee & Tea
Italian, American (Traditional), Pizza, Restaurants
Restaurants, Italian
Delis, Sandwiches, Restaurants
Food, Grocery
Sandwiches, Salad, Restaurants
Pizza, Restaurants
Sandwiches, Pizza, Chicken Wings, Restaurants
American (New), Restaurants
African, Caribbean, Restaurants
Food, Coffee & Tea
Food, Grocery
American (New), Restaurants
Caribbean, Restaurants
Food, Sandwiches, Bagels, Breakfast & Brunch, Restaurants
Mexican, Restaurants
Chinese, Restaurants
Bakeries, Food, Sandwiches, French, Restaurants
Chinese, Restaurants
Hot Dogs, Restaurants
Italian, Pizza, Restaurants
Burgers, Fast Food, American (Traditional), Restaurants
French, Restaurants
Food, Grocery
Mexican, Restaurants
Chicken Wings, Restaurants
Sandwiches, Restaurants
Seafood, Restaurants
Burgers, Restaurants
Pizza, Restaurants
American (New), Restaurants
Fast Food, Restaurants
Vietnamese, Restaurants
Food, Ice Cream & Frozen Yogurt
Food, Convenience Stores
Vietnamese, Restaurants
Food, Grocery
Burgers, Fast Food, Restaurants
Bakeries, Food
Food, Grocery
Food, Ice Cream & Frozen Yogurt
Chinese, Restaurants
Buffets, Chinese, Restaurants
Cafes, American (Traditional), Diners, Restaurants
Thai, Restaurants
Japanese, Restaurants
Mexican, Restaurants
American (New), Restaurants
Fast Food, Restaurants
Fast Food, Restaurants
Burgers, Restaurants
Burgers, Fast Food, Hot Dogs, Restaurants
Food, Ethnic Food, Grocery, Specialty Food
Mexican, Restaurants
Tex-Mex, Restaurants
Restaurants, Italian
Fast Food, Restaurants
Food, Donuts, Coffee & Tea, Bagels
Middle Eastern, African, Mediterranean, Restaurants
Food, Coffee & Tea
Breakfast & Brunch, American (Traditional), Diners, Restaurants
Burgers, Fast Food, Restaurants
Food, Coffee & Tea
Mexican, Restaurants
Soul Food, Southern, Restaurants
Fast Food, Restaurants
Vietnamese, Chinese, Restaurants
American (Traditional), Restaurants
Food, Beer, Wine & Spirits
Sandwiches, Restaurants
Food, Beer, Wine & Spirits
Sushi Bars, Restaurants
Seafood, Steakhouses, American (Traditional), Restaurants
Fast Food, Sandwiches, Restaurants
Mexican, Restaurants
Pizza, Restaurants
Food, Coffee & Tea
American (Traditional), Comfort Food, Barbeque, Restaurants
Mexican, Restaurants
American (Traditional), Restaurants
Burgers, Restaurants
Fast Food, Restaurants
Greek, Pizza, Mediterranean, Restaurants
Food, Grocery, Farmers Market
American (Traditional), Restaurants
Restaurants
Food, Ice Cream & Frozen Yogurt
Food, Grocery
Pizza, Restaurants
Sandwiches, Restaurants
Food, Ice Cream & Frozen Yogurt
Food, Farmers Market, Food Trucks
American (Traditional), Restaurants
Delis, Fast Food, Sandwiches, Restaurants
Pizza, Restaurants
Sandwiches, Restaurants
Sandwiches, Restaurants
Mexican, Restaurants
Buffets, Chinese, Restaurants
Food, Specialty Food, Grocery, Fruits & Veggies, Food Delivery Services
Italian, Pizza, Restaurants
Pizza, Restaurants
Fast Food, Restaurants
Food, Coffee & Tea
Cafes, Restaurants
Mexican, Restaurants
Sandwiches, Restaurants
Mexican, Restaurants
Food, Ice Cream & Frozen Yogurt
Burgers, Fast Food, Restaurants
Restaurants, Italian
Food, Grocery
Food, Coffee & Tea, Sandwiches, Restaurants
Burgers, Delis, Sandwiches, Restaurants
Food, Bagels
Chicken Wings, Restaurants
Mexican, Restaurants
Food, Grocery, Convenience Stores
Burgers, Breakfast & Brunch, American (Traditional), Restaurants
Food, Beer, Wine & Spirits
Restaurants, Italian
American (New), Cafes, Restaurants
Food, Sandwiches, Coffee & Tea, Breakfast & Brunch, Restaurants
Fast Food, Mexican, Tex-Mex, Restaurants
Japanese, Restaurants
Sandwiches, Restaurants
Buffets, Chinese, Restaurants
Restaurants, Italian
Mexican, Sandwiches, Salad, Restaurants
Food, Tea Rooms, British, Restaurants
Fast Food, Restaurants
Mexican, Restaurants
Sushi Bars, Japanese, Restaurants
Food, Donuts
Mexican, Restaurants
Burgers, Fast Food, Restaurants
Food, Coffee & Tea
Food, Sandwiches, Bagels, Delis, Restaurants
Sandwiches, Restaurants
Buffets, Restaurants
Food, Farmers Market
Fast Food, Mexican, Restaurants
Food, Specialty Food, Candy Stores, Chocolatiers & Shops
Mexican, Restaurants
Sandwiches, Restaurants
Delis, Restaurants
Food, Farmers Market
Chinese, Restaurants
Food, Ice Cream & Frozen Yogurt, Juice Bars & Smoothies
Chinese, Restaurants
Restaurants, Italian
Food, Desserts
Restaurants, Pizza, Italian
Burgers, Hot Dogs, Restaurants
Barbeque, Restaurants
Seafood, Fish & Chips, Restaurants
Burgers, Fast Food, Restaurants
American (New), Chicken Wings, Restaurants
Breakfast & Brunch, American (Traditional), Restaurants
American (Traditional), Restaurants
Food, Grocery
Buffets, Restaurants
Breakfast & Brunch, Restaurants
Hawaiian, Restaurants
Mexican, Restaurants
Food, Coffee & Tea
Pizza, Restaurants
Steakhouses, Seafood, Sushi Bars, Restaurants
Food, Donuts, Coffee & Tea
American (Traditional), Restaurants
Vegetarian, Buffets, Salad, Restaurants
Breakfast & Brunch, Cafes, Restaurants
Sandwiches, Restaurants
Food, Coffee & Tea
Sushi Bars, Hawaiian, Chinese, Restaurants
Vietnamese, Asian Fusion, Chinese, Restaurants
Mexican, Restaurants
American (New), Restaurants
Delis, Restaurants
Food, Donuts, Coffee & Tea, Breakfast & Brunch, Restaurants
Burgers, Fast Food, Restaurants
Asian Fusion, Sushi Bars, Japanese, Restaurants
Chinese, Restaurants
Restaurants, Italian
American (Traditional), Restaurants
Burgers, Fast Food, Restaurants
Japanese, Restaurants
Mexican, Restaurants
Fast Food, Mexican, Restaurants
Food, Coffee & Tea
Food, Coffee & Tea
Food, CSA
Mexican, Restaurants
Fast Food, Restaurants
Food, Food Delivery Services, Delis, Sandwiches, Restaurants
Food, Food Delivery Services
Food, Farmers Market
Vietnamese, Restaurants
Food, Grocery
Food, Shaved Ice
Vietnamese, Restaurants
Breakfast & Brunch, Diners, Restaurants
Fast Food, Restaurants
Food, Donuts
Mexican, Restaurants
Chinese, Restaurants
Vegetarian, American (New), Mediterranean, Restaurants
Sandwiches, Restaurants
Restaurants, Italian
Pizza, Restaurants
Food, Sandwiches, Coffee & Tea, Diners, Restaurants
Vietnamese, Restaurants
Food, Ice Cream & Frozen Yogurt
Food, Specialty Food
Pizza, Restaurants
Soup, Japanese, Restaurants
Food, Grocery
Food, Coffee & Tea, Cafes, Sandwiches, Restaurants
American (Traditional), Restaurants
Food, Burgers, Ice Cream & Frozen Yogurt, Restaurants
Food, Specialty Food, Grocery, Fruits & Veggies
Food, Grocery, Convenience Stores
Mexican, Restaurants
Burgers, Fast Food, Restaurants
Bakeries, Food, Breakfast & Brunch, Sandwiches, Restaurants
Bakeries, Food
Cafes, Restaurants
Burgers, American (Traditional), Fast Food, Restaurants
Chicken Wings, Restaurants
Pizza, Restaurants
Mexican, Restaurants
Food, Coffee & Tea, Breakfast & Brunch, Restaurants
Mexican, Restaurants
Pizza, Restaurants
Food, Coffee & Tea
Food, Grocery
Food, Coffee & Tea
Restaurants, Italian
Middle Eastern, Restaurants
Seafood, Steakhouses, Mexican, Restaurants
Buffets, Restaurants
Bakeries, Food, American (Traditional), Restaurants
Food, Grocery
Food, Coffee & Tea, Cafes, Restaurants
Fast Food, American (Traditional), Restaurants
Mexican, Restaurants
Restaurants
Cajun/Creole, Restaurants
Vietnamese, Restaurants
Seafood, Steakhouses, Gluten-Free, Restaurants
American (Traditional), Pizza, Salad, Restaurants
Food, Donuts
Food, Grocery
Bakeries, Food, Breakfast & Brunch, Delis, Restaurants
Mexican, Restaurants
Hawaiian, Restaurants
Indian, Pakistani, Halal, Restaurants
Tex-Mex, Restaurants
Mexican, Restaurants
Mexican, Restaurants
Food, Donuts
Diners, Restaurants
American (New), Restaurants
Thai, Restaurants
Fast Food, Restaurants
Greek, Mediterranean, Restaurants
Food, Specialty Food, Fruits & Veggies
Bakeries, Food, Cafes, Restaurants
French, Restaurants
Diners, Restaurants
Chinese, Restaurants
Mexican, Restaurants
Food, Pretzels
Fast Food, Mexican, Tex-Mex, Restaurants
Food, Farmers Market
Soul Food, American (Traditional), Diners, Restaurants
Fast Food, Restaurants
Bakeries, Food
Mexican, Restaurants
Bakeries, Food, Sandwiches, Restaurants
Cuban, Restaurants
Food, Convenience Stores
Food, Beer, Wine & Spirits
Mexican, Restaurants
Tex-Mex, Restaurants
Food, Coffee & Tea, American (New), Restaurants
Food, Grocery
Mexican, Restaurants
Mexican, Restaurants
Seafood, Restaurants
Chinese, Restaurants
Hot Dogs, Restaurants
Restaurants
American (Traditional), Restaurants
Bakeries, Food
Food, Ice Cream & Frozen Yogurt
Pizza, Restaurants
Food, Ethnic Food, Specialty Food
Pizza, Restaurants
Barbeque, Restaurants
Food, Cajun/Creole, Street Vendors, Food Trucks, Restaurants
Burgers, Restaurants
Diners, Restaurants
Sushi Bars, Asian Fusion, Chinese, Restaurants
Breakfast & Brunch, Fast Food, Mexican, Restaurants
Filipino, Restaurants
Mexican, Restaurants
Pizza, Restaurants
Steakhouses, Barbeque, Restaurants
Mexican, Restaurants
Burgers, Restaurants
Mexican, Restaurants
Food, Bagels, Coffee & Tea
Vegetarian, Delis, Sandwiches, Restaurants
Food, Food Delivery Services, Delis, Sandwiches, Restaurants
Food, Ice Cream & Frozen Yogurt
Mexican, Restaurants
Breakfast & Brunch, Mexican, Restaurants
Food, Coffee & Tea
Food, Coffee & Tea, Cafes, Restaurants
Mexican, Restaurants
Food, Coffee & Tea, Cafes, Breakfast & Brunch, Restaurants
Delis, Fast Food, Sandwiches, Restaurants
Food, Grocery
Bakeries, Food
Buffets, Restaurants
Food, Grocery
Food, Coffee & Tea
Mexican, Restaurants
Food, Grocery, Farmers Market
Delis, Sandwiches, Salad, Restaurants
Food, Sandwiches, Bagels, Breakfast & Brunch, Restaurants
Pizza, Restaurants
Pizza, Restaurants
Breakfast & Brunch, Restaurants
Sandwiches, Pizza, Chicken Wings, Restaurants
Chinese, Restaurants
Sandwiches, Pizza, Chicken Wings, Restaurants
American (New), Restaurants
Restaurants, Italian
Food, Grocery, Farmers Market
Restaurants
Bakeries, Food, Breakfast & Brunch, Restaurants
Mexican, Restaurants
Breakfast & Brunch, Restaurants
Food Stands, Restaurants
Mexican, Restaurants
Buffets, Restaurants
Food, Ice Cream & Frozen Yogurt, Street Vendors
Burgers, Restaurants
Mexican, Restaurants
Chinese, Restaurants
Seafood, American (Traditional), Restaurants
Breakfast & Brunch, Mexican, Tex-Mex, Restaurants
American (New), Pizza, Restaurants
Japanese, Restaurants
Food, Ice Cream & Frozen Yogurt, Fast Food, Restaurants
Food, Coffee & Tea
Chinese, Restaurants
Food, Mexican, Restaurants
Food, Coffee & Tea
Vietnamese, Thai, Asian Fusion, Restaurants
Pizza, Restaurants
Mexican, Restaurants
Breakfast & Brunch, Restaurants
Sushi Bars, Restaurants
Food, Ice Cream & Frozen Yogurt
Restaurants
American (Traditional), Restaurants
Food, Ice Cream & Frozen Yogurt, Hot Dogs, Shaved Ice, Restaurants
Seafood, Dim Sum, Chinese, Restaurants
Mexican, Restaurants
Delis, Sandwiches, Restaurants
Restaurants
Fast Food, Mexican, Tex-Mex, Restaurants
Restaurants
Fast Food, Restaurants
Italian, Pizza, Restaurants
Sushi Bars, Japanese, Restaurants
American (Traditional), Restaurants
American (New), Restaurants
Burgers, Fast Food, Restaurants
Bakeries, Food
Fast Food, Sandwiches, Restaurants
Mexican, Restaurants
Food, Coffee & Tea, Breakfast & Brunch, Vegan, Restaurants
Breakfast & Brunch, American (Traditional), Cafes, Restaurants
Restaurants, Italian
Soup, Seafood, Mexican, Restaurants
Steakhouses, Restaurants
Pizza, Restaurants
Steakhouses, Restaurants
Food, Coffee & Tea
Pizza, Restaurants
Chinese, Restaurants
Vietnamese, Sandwiches, Restaurants
American (Traditional), Steakhouses, Restaurants
Mexican, Restaurants
Food, Coffee & Tea
Breakfast & Brunch, Restaurants
Food, Ice Cream & Frozen Yogurt
Mexican, Restaurants
Bakeries, Food, Sandwiches, Restaurants
Japanese, Restaurants
Chinese, Food, Ethnic Food, Specialty Food, Cantonese, Restaurants
Pizza, Restaurants
Sandwiches, Restaurants
Delis, Pizza, Sandwiches, Restaurants
Breakfast & Brunch, Cheesesteaks, Sandwiches, Restaurants
Pizza, Restaurants
Japanese, Restaurants
Food, Ice Cream & Frozen Yogurt
Fast Food, Restaurants
Vietnamese, Restaurants
Gluten-Free, Pizza, Vegan, Restaurants
Food, Ice Cream & Frozen Yogurt, Fast Food, Restaurants
Food, Ice Cream & Frozen Yogurt
Chicken Wings, Restaurants
Food, Donuts
Burgers, American (Traditional), Restaurants
Seafood, Restaurants
Fast Food, Restaurants
Food, Specialty Food, Chocolatiers & Shops
Food, Ice Cream & Frozen Yogurt
Breakfast & Brunch, American (New), Restaurants
American (New), Restaurants
Hot Dogs, Restaurants
Food, Beer, Wine & Spirits
Sushi Bars, Japanese, Restaurants
Food, Grocery, Convenience Stores
Food, Grocery, Farmers Market
American (Traditional), Fast Food, Restaurants
Greek, Restaurants
Italian, Pizza, Sandwiches, Restaurants
Italian, Pizza, Buffets, Restaurants
Food, Grocery
Bakeries, Food
Sushi Bars, Japanese, Restaurants
Pakistani, Indian, Buffets, Restaurants
Pizza, Restaurants
Chinese, Restaurants
Breakfast & Brunch, Sandwiches, Salad, Restaurants
American (Traditional), Diners, Restaurants
Italian, Pizza, Sandwiches, Restaurants
Food, Grocery
Vietnamese, Restaurants
Diners, Restaurants
Sandwiches, Restaurants
Food, Grocery
Pizza, Restaurants
Sandwiches, Restaurants
Greek, Restaurants
Fondue, American (New), Restaurants
Fast Food, Sandwiches, Restaurants
Fast Food, Restaurants
Bakeries, Food, Coffee & Tea, Sandwiches, Restaurants
Fast Food, Chicken Wings, Restaurants
Sandwiches, Restaurants
Thai, Restaurants
Mexican, Restaurants
Sandwiches, Restaurants
Food, Donuts
Food, Specialty Food, Fruits & Veggies, Food Delivery Services
Pizza, Restaurants
Burgers, Hot Dogs, Restaurants
Chinese, Restaurants
Mexican, Restaurants
Food, Grocery
Italian, Pizza, Restaurants
Korean, Japanese, Restaurants
Restaurants, Italian
Restaurants
Pizza, Restaurants
Food, Ethnic Food, Specialty Food, Japanese, Restaurants
Asian Fusion, Restaurants
Food, Coffee & Tea
Italian, Pizza, Restaurants
Greek, Mediterranean, Restaurants
Food, Convenience Stores, Delis, Restaurants
Pizza, Restaurants
Food, Grocery
Latin American, Mexican, Restaurants
Vegetarian, Sandwiches, Salad, Restaurants
Fast Food, Restaurants
Korean, Japanese, Restaurants
Food, Ice Cream & Frozen Yogurt, American (New), Salad, Restaurants
Food, Grocery, Farmers Market
Food, Grocery
Italian, Pizza, Restaurants
Food, Coffee & Tea
Food, Bagels
Sandwiches, Pizza, Chicken Wings, Restaurants
Steakhouses, Restaurants
Sandwiches, Restaurants
Breakfast & Brunch, Restaurants
Pizza, Restaurants
Food, Ice Cream & Frozen Yogurt
Fast Food, Restaurants
Food, Coffee & Tea
Indian, Buffets, Restaurants
Food, Ice Cream & Frozen Yogurt
Sandwiches, Pizza, Chicken Wings, Restaurants
Tex-Mex, Restaurants
Greek, Mediterranean, Restaurants
Seafood, Restaurants
Greek, Mediterranean, Sandwiches, Restaurants
Food, Coffee & Tea
Food, Ice Cream & Frozen Yogurt
Food, Ice Cream & Frozen Yogurt
Food, Specialty Food, Candy Stores
Food, Grocery
Fast Food, Restaurants
Food, Grocery
Italian, Pizza, Salad, Restaurants
Food, Coffee & Tea, Sandwiches, Restaurants
Restaurants, Italian
Chinese, Restaurants
Steakhouses, Restaurants
Mexican, Restaurants
Mexican, Restaurants
Food, Ice Cream & Frozen Yogurt, Fast Food, Restaurants
Mexican, Restaurants
Chinese, Restaurants
Thai, Restaurants
Chinese, Restaurants
Persian/Iranian, Mediterranean, Restaurants
Food, Grocery
Food, Convenience Stores
Italian, Pizza, Salad, Restaurants
Chinese, Restaurants
Bakeries, Food, Sandwiches, Soup, Restaurants
Seafood, Restaurants, Italian
American (Traditional), Comfort Food, Gluten-Free, Restaurants
Mexican, Restaurants
American (Traditional), American (New), Restaurants
Food, Sandwiches, Food Trucks, Restaurants
Food, Bagels, Cafes, Breakfast & Brunch, Restaurants
Food, Ice Cream & Frozen Yogurt
Fast Food, Restaurants
Food, Grocery
Food, Grocery
Japanese, Restaurants
Mexican, Restaurants
Food, Cafes, Juice Bars & Smoothies, Sandwiches, Restaurants
Food, Specialty Food, Candy Stores
Food, Convenience Stores
American (Traditional), Restaurants
Sandwiches, Restaurants
Steakhouses, Restaurants
Mexican, Restaurants
American (Traditional), Steakhouses, Barbeque, Restaurants
Italian, Pizza, Restaurants
Breakfast & Brunch, American (Traditional), Restaurants
Fast Food, Restaurants
American (Traditional), Steakhouses, Barbeque, Restaurants
Thai, Restaurants
Food, Ice Cream & Frozen Yogurt
Japanese, Restaurants
Cafes, Restaurants
Food
Fast Food, Restaurants
Spanish, Restaurants
Bakeries, Food, Coffee & Tea, Desserts
Burgers, Fast Food, Restaurants
Food, Sandwiches, Breweries, Pizza, Restaurants
Food, Convenience Stores
Fast Food, Chicken Wings, Restaurants
Mexican, Restaurants
Bakeries, Food
Steakhouses, Sushi Bars, Restaurants
Chinese, Restaurants
Food, Grocery
Mexican, Tex-Mex, Restaurants
Food, Coffee & Tea
American (New), Restaurants
Vegetarian, Buffets, Salad, Restaurants
Steakhouses, Restaurants
American (Traditional), Restaurants
Japanese, Chinese, Restaurants
Southern, Food Stands, Restaurants
Bakeries, Food
Fast Food, Mexican, Tex-Mex, Restaurants
Burgers, Restaurants
French, Restaurants
Pizza, Restaurants
Sushi Bars, Restaurants
Italian, Pizza, Sandwiches, Restaurants
Food, Ice Cream & Frozen Yogurt
Afghan, Restaurants
Chinese, Restaurants
Burgers, Hot Dogs, American (New), Restaurants
Pizza, Restaurants
Bakeries, Food
Burgers, Fast Food, Restaurants
Breakfast & Brunch, Restaurants
Food, Grocery
Mediterranean, Greek, Middle Eastern, Restaurants
Buffets, Restaurants
Chinese, Restaurants
Italian, Pizza, Restaurants
Food, Coffee & Tea, Cafes, Breakfast & Brunch, Restaurants
Mexican, Restaurants
Food, Coffee & Tea
Indian, Buffets, Restaurants
Restaurants
American (Traditional), Restaurants
Food, Coffee & Tea
Sandwiches, Restaurants
Restaurants, Italian
Pizza, Restaurants
Food
Pizza, Restaurants
Mexican, Restaurants
American (Traditional), Restaurants
Mexican, Restaurants
Food, Coffee & Tea
American (Traditional), Restaurants
Food
Food, Grocery
Restaurants
Food, Grocery
Pizza, Restaurants
Food, Grocery
Restaurants
Pizza, Restaurants
Chicken Wings, Restaurants
American (Traditional), Steakhouses, Restaurants
Chinese, Restaurants
Italian, Pizza, Restaurants
Food, Restaurants
Vegetarian, Persian/Iranian, Mediterranean, Restaurants
American (New), Restaurants
Mexican, Restaurants
Korean, Japanese, Restaurants
Mexican, Restaurants
Polish, Restaurants
Food, Breakfast & Brunch, Bagels, Delis, Restaurants
Bakeries, Food, Breakfast & Brunch, Sandwiches, Restaurants
Fast Food, Restaurants
Sushi Bars, Japanese, Restaurants
American (Traditional), Restaurants
Food, Juice Bars & Smoothies
Fast Food, Restaurants
Food, Desserts, American (Traditional), American (New), Restaurants
Food, Grocery
Sandwiches, Restaurants
Soup, Sandwiches, Salad, Restaurants
Fast Food, Restaurants
Pizza, Fast Food, Sandwiches, Restaurants
Breakfast & Brunch, American (New), Restaurants
Food, Ice Cream & Frozen Yogurt
Mexican, Restaurants
Chinese, Restaurants
American (Traditional), Restaurants
Chinese, Restaurants
Food, Desserts, Bakeries
Chinese, Restaurants
American (New), Restaurants
Food, Breweries
Sandwiches, Pizza, Chicken Wings, Restaurants
Japanese, Restaurants
Fast Food, Mexican, Restaurants
Chicken Wings, Restaurants
Pizza, Restaurants
Restaurants
Pizza, Restaurants
American (New), Restaurants
Mexican, Restaurants
Burgers, Restaurants
Seafood, Restaurants
Mexican, Restaurants
Indian, Buffets, Restaurants
Buffets, Chinese, Restaurants
Delis, Sandwiches, Restaurants
Food, Juice Bars & Smoothies
Food, Donuts
Barbeque, Restaurants
Restaurants
Chinese, Restaurants
Latin American, Restaurants
Mexican, Restaurants
Breakfast & Brunch, Cafes, American (Traditional), Restaurants
Chinese, Restaurants
Sandwiches, Restaurants
Food, Ice Cream & Frozen Yogurt
Burgers, Restaurants
Thai, Restaurants
Pizza, Restaurants
Burgers, American (Traditional), Fast Food, Restaurants
Breakfast & Brunch, American (New), Restaurants
Japanese, Restaurants
Fast Food, Restaurants
Food, Desserts, Coffee & Tea, Ice Cream & Frozen Yogurt
Fast Food, Sandwiches, Restaurants
Food, Juice Bars & Smoothies
American (Traditional), Restaurants
Italian, Pizza, Restaurants
Fast Food, Restaurants
Chinese, Restaurants
Sandwiches, Restaurants
Mexican, Restaurants
American (New), Restaurants
Delis, Restaurants
Chinese, Restaurants
Fast Food, Japanese, Restaurants
American (Traditional), Fast Food, Restaurants
Delis, Sandwiches, Restaurants
Food, Ice Cream & Frozen Yogurt
Bakeries, Food, Cafes, Restaurants
Delis, Restaurants
Thai, Restaurants
American (Traditional), Restaurants
Breakfast & Brunch, Cafes, Sandwiches, Restaurants
Sandwiches, Restaurants
Fast Food, Restaurants
Tex-Mex, Restaurants
Food, Street Vendors
Pakistani, Restaurants
Burgers, Fast Food, Restaurants
Fast Food, Restaurants
Burgers, Restaurants
Mexican, Restaurants
Mexican, Restaurants
Pizza, Restaurants
Fast Food, Chicken Wings, Restaurants
Mexican, Restaurants
American (New), Restaurants
American (New), Restaurants
Sushi Bars, Japanese, Restaurants
Food, Coffee & Tea
Fast Food, Restaurants
Food, Grocery, Farmers Market
American (New), Restaurants
Mexican, Restaurants
Breakfast & Brunch, Restaurants
Restaurants
Fast Food, Mexican, Restaurants
Food, Beer, Wine & Spirits, Convenience Stores
Food, Ice Cream & Frozen Yogurt, Italian, Restaurants, Desserts
Food, Ice Cream & Frozen Yogurt, Desserts
American (New), Restaurants
Food, Grocery
Food, Coffee & Tea
Food, Gelato, Shaved Ice, Desserts
Sandwiches, Restaurants
American (Traditional), Restaurants
Delis, Fast Food, Sandwiches, Restaurants
Seafood, Buffets, Restaurants
Mexican, Restaurants
Burgers, American (Traditional), Sandwiches, Restaurants
Delis, Sandwiches, Restaurants
Restaurants, Pizza, Salad, Italian
Chinese, Restaurants
American (Traditional), American (New), Restaurants
Fast Food, Restaurants
Delis, Sandwiches, Restaurants
Food, American (New), Breweries, Restaurants
American (Traditional), Restaurants
American (New), Restaurants
Burgers, American (Traditional), Mexican, Restaurants
Pakistani, Indian, Buffets, Restaurants
Sushi Bars, Asian Fusion, Restaurants
Food, Ice Cream & Frozen Yogurt, Desserts
American (New), Restaurants
Mexican, Restaurants
Burgers, Restaurants
Food, Ice Cream & Frozen Yogurt
Burgers, American (Traditional), Restaurants
American (Traditional), Restaurants
Mexican, Restaurants
Middle Eastern, Greek, Mediterranean, Restaurants
Food, Mexican, Food Trucks, Restaurants
Breakfast & Brunch, Restaurants
American (Traditional), Cafes, Restaurants
Restaurants, Italian
Greek, Mediterranean, Restaurants
Korean, Sushi Bars, Restaurants
Steakhouses, Restaurants
Italian, Pizza, Sandwiches, Restaurants
Diners, Restaurants
American (Traditional), Restaurants
Burgers, American (Traditional), Fast Food, Restaurants
Fast Food, Restaurants
Fast Food, Restaurants
Food, Ice Cream & Frozen Yogurt
American (New), Salad, Restaurants
Restaurants
American (Traditional), Food, Breakfast & Brunch, Specialty Food, Fruits & Veggies, Restaurants
Sandwiches, Restaurants
Breakfast & Brunch, Restaurants
Sushi Bars, Japanese, Vegan, Restaurants
Food, Desserts, Ice Cream & Frozen Yogurt
Seafood, Mexican, Restaurants
Pizza, Restaurants
Italian, Pizza, Restaurants
Pizza, Buffets, Restaurants
Food, Breakfast & Brunch, Bagels, Sandwiches, Restaurants
Mexican, Restaurants
Food, Coffee & Tea, Cafes, Restaurants
Food, Coffee & Tea
Restaurants, Pizza, Italian
Food, Coffee & Tea
Southern, Restaurants
Fast Food, Restaurants
Sushi Bars, Japanese, Restaurants
French, Restaurants
Thai, Restaurants
Buffets, Chinese, Restaurants
Delis, Pizza, Restaurants
Breakfast & Brunch, Sandwiches, Restaurants
Food, Breakfast & Brunch, American (New), Coffee & Tea, Restaurants
Chinese, Restaurants
Seafood, Restaurants
Fast Food, Restaurants
Cuban, Caribbean, Restaurants
Food, Burgers, American (Traditional), Ice Cream & Frozen Yogurt, Restaurants
Italian, Pizza, Salad, Restaurants
Food, Coffee & Tea
Food, Grocery
Filipino, Restaurants
Food, Grocery
Cafes, American (New), Restaurants
Mexican, Restaurants
Food, Ice Cream & Frozen Yogurt
Food, Bagels, Delis, Restaurants
Sushi Bars, Restaurants
Bakeries, Food, Cafes, Restaurants
Restaurants, Italian
American (Traditional), Tex-Mex, Restaurants
Breakfast & Brunch, American (New), Restaurants
Restaurants
Chinese, Restaurants
Breakfast & Brunch, Cafes, Sandwiches, Restaurants
American (New), Restaurants
Fast Food, Tex-Mex, Restaurants
Mexican, Restaurants
Mexican, Food Stands, Restaurants
American (New), Restaurants
Fast Food, Restaurants
Mexican, Restaurants
Restaurants, Pizza, Italian
Food, Juice Bars & Smoothies
Chinese, Restaurants
American (New), Restaurants
Buffets, Restaurants
Food, Food Delivery Services, Convenience Stores
Food, Farmers Market
French, Restaurants
Pizza, Restaurants
Mexican, Restaurants
Restaurants
Bakeries, Food, American (Traditional), Restaurants
Food, Specialty Food, Farmers Market, Desserts
Seafood, Steakhouses, Restaurants
Food, Food Delivery Services, Delis, Sandwiches, Restaurants
Chinese, Restaurants
Burgers, Restaurants
Food, Herbs & Spices, Tea Rooms, Specialty Food
Burgers, Fast Food, Restaurants
American (New), Restaurants
Food, Food Trucks, Filipino, Restaurants
Food, Juice Bars & Smoothies, Salad, Restaurants
Restaurants, Italian
American (Traditional), Restaurants
Food, Convenience Stores
Thai, Restaurants
Tex-Mex, Restaurants
Mexican, Restaurants
Pizza, Restaurants
Food, Donuts, Coffee & Tea
Mexican, Restaurants
Pizza, Restaurants
American (Traditional), Fast Food, Restaurants
Vietnamese, Chinese, Restaurants
Food, Grocery
Polish, Scandinavian, Sandwiches, Restaurants
Food, Farmers Market
Fast Food, Restaurants
Thai, Restaurants
Mexican, Restaurants
Food, Barbeque, Food Trucks, Restaurants
Pizza, Restaurants
Food, Specialty Food, Candy Stores
Italian, Pizza, Restaurants
Asian Fusion, Chinese, Restaurants
Pizza, Restaurants
Restaurants, Pizza, Italian
Breakfast & Brunch, Sandwiches, Restaurants
Greek, Restaurants
Food, Bakeries, Grocery, Delis, Restaurants
Mexican, Restaurants
Chinese, Restaurants
Food, Burgers, Fast Food, Ice Cream & Frozen Yogurt, Restaurants
Delis, Sandwiches, Salad, Restaurants
Food, Grocery
Fast Food, Sandwiches, Restaurants
Food, Grocery
Food, Grocery
Buffets, Chinese, Restaurants
Sandwiches, Restaurants
Food, Ice Cream & Frozen Yogurt
Sandwiches, Restaurants
Pizza, Restaurants
American (Traditional), Fast Food, Restaurants
Seafood, Chinese, Restaurants
Diners, Restaurants
Food, Ice Cream & Frozen Yogurt
American (New), Buffets, Tex-Mex, Restaurants
Mexican, Restaurants
Mexican, Restaurants
Mexican, Restaurants
Food, Beer, Wine & Spirits
Fast Food, Mexican, Tex-Mex, Restaurants
Food, Ice Cream & Frozen Yogurt
Mexican, Restaurants
Food, Coffee & Tea
Pizza, Restaurants
Burgers, Restaurants
Food, Coffee & Tea, Breakfast & Brunch, Restaurants
Mexican, Restaurants
Mexican, Restaurants
Chinese, Restaurants
Burgers, Hot Dogs, Restaurants
Food, Ice Cream & Frozen Yogurt, Fast Food, Restaurants
Chinese, Restaurants
Mexican, Restaurants
American (Traditional), Restaurants
American (New), Barbeque, Restaurants
Barbeque, Restaurants
Food, Desserts, Bakeries
Food, Desserts, Pizza, Sandwiches, Restaurants
Restaurants, Pizza, Salad, Italian
Food, Coffee & Tea
Mexican, Restaurants
Breakfast & Brunch, Diners, Restaurants
Asian Fusion, Buffets, Chinese, Restaurants
American (Traditional), Restaurants
American (Traditional), Fast Food, Restaurants
American (New), Restaurants
American (Traditional), Steakhouses, Restaurants
Pizza, Restaurants
Bakeries, Food, Meat Shops, Specialty Food
Buffets, Restaurants
Fast Food, Restaurants
Tapas/Small Plates, American (New), Pizza, Restaurants
Fish & Chips, Barbeque, Restaurants
Gluten-Free, Asian Fusion, Chinese, Restaurants
Fast Food, Restaurants
Food, Coffee & Tea
Sandwiches, Restaurants
Restaurants
Restaurants
Breakfast & Brunch, Restaurants
Fast Food, Restaurants
Seafood, Restaurants, Pizza, Italian
Pizza, Restaurants
Japanese, Restaurants
Mexican, Restaurants
Burgers, Restaurants
Mexican, Restaurants
Mexican, Restaurants
Fast Food, Restaurants
Food, Ice Cream & Frozen Yogurt
Food, Specialty Food
Seafood, Latin American, Restaurants
Food, Coffee & Tea
Pizza, Restaurants
Food, Donuts, Delis, Cafes, Restaurants
Pizza, Restaurants
Fast Food, Restaurants
Greek, Vegetarian, Mediterranean, Restaurants
Sandwiches, Restaurants
Food, Italian, Pizza, Food Trucks, Restaurants
American (New), Restaurants
Burgers, Fast Food, Restaurants
Food, Convenience Stores, Grocery
Sandwiches, Restaurants
Fast Food, Restaurants
Food, Breakfast & Brunch, Bagels, Delis, Restaurants
Food, Grocery
Vietnamese, Restaurants
Mexican, Restaurants
Food, Ethnic Food, Grocery, Specialty Food
Kosher, Mediterranean, Middle Eastern, Restaurants
Food, Grocery
Mexican, Restaurants
Chinese, Restaurants
Chinese, Restaurants
Mexican, Tex-Mex, Restaurants
Mexican, Restaurants
Sandwiches, Restaurants
Food
Seafood, Steakhouses, Restaurants
Fast Food, Mexican, Tex-Mex, Restaurants
Gluten-Free, Asian Fusion, Chinese, Restaurants
Food, Gelato
Tapas/Small Plates, Spanish, Restaurants
American (New), Restaurants
Food, Convenience Stores
Food, Ice Cream & Frozen Yogurt
Breakfast & Brunch, Restaurants
Breakfast & Brunch, Restaurants
American (Traditional), Barbeque, Restaurants
Diners, Restaurants
Food, Breweries
Southern, Barbeque, Restaurants
Food, Coffee & Tea
Food, Specialty Food, Meat Shops
Mexican, Restaurants
Afghan, Restaurants
Bakeries, Food, Sandwiches, Restaurants
Seafood, Restaurants
Restaurants, Italian
Italian, Pizza, Restaurants
Soup, Japanese, Restaurants
Fast Food, Restaurants
Sushi Bars, Restaurants
Chinese, Restaurants
Food, Street Vendors
Fast Food, Restaurants
Bakeries, Food, Coffee & Tea, Sandwiches, Restaurants
Grocery, Mexican, Food, Ethnic Food, Specialty Food, Restaurants
Food, Grocery
Greek, Restaurants, Italian
Sandwiches, Restaurants
Food, Grocery
Restaurants
Food, Farmers Market
Mexican, Restaurants
Mexican, Restaurants
Breakfast & Brunch, Restaurants
Hot Dogs, Restaurants
Seafood, Mexican, Restaurants
American (Traditional), Asian Fusion, Chinese, Restaurants
Mexican, Restaurants
Food, Coffee & Tea
Food, Pizza, American (New), Breweries, Restaurants
Mexican, Restaurants
Fast Food, Mexican, Tex-Mex, Restaurants
Restaurants
Food, Pretzels
Pizza, Restaurants
Food, Ice Cream & Frozen Yogurt, Desserts
Food, Pretzels
Restaurants, Pizza, Italian
Food, Coffee & Tea
Food, Donuts
Sandwiches, Restaurants
Food, Donuts
Burgers, Restaurants
Chinese, Restaurants
Mexican, Restaurants
Restaurants, Italian
Food
American (Traditional), Restaurants
Pizza, Buffets, Restaurants
Food, Grocery
Diners, Restaurants
Japanese, Restaurants
Fast Food, Mexican, Tex-Mex, Restaurants
Bakeries, Food, Coffee & Tea
Fast Food, Mexican, Tex-Mex, Restaurants
Fast Food, Pizza, Restaurants
Fast Food, Restaurants
Food, Convenience Stores
Food, Coffee & Tea
Pizza, Restaurants
Bakeries, Food, Sandwiches, Restaurants
American (Traditional), Restaurants
Mexican, Restaurants
Food, Beer, Wine & Spirits, Grocery
Food, Specialty Food, Restaurants, Italian
American (Traditional), Restaurants
Food, Beer, Wine & Spirits
Seafood, Steakhouses, Restaurants
Thai, Restaurants
Vegetarian, American (New), Mediterranean, Restaurants
Korean, Restaurants
Pizza, Restaurants
Mexican, Restaurants
Thai, Restaurants
American (Traditional), Restaurants
Dim Sum, Chinese, Restaurants
Steakhouses, American (Traditional), Restaurants
Middle Eastern, Restaurants
Fast Food, Restaurants
Fish & Chips, Restaurants
Sushi Bars, Restaurants
Sandwiches, Restaurants, Pizza, Italian
Fast Food, Mexican, Tex-Mex, Restaurants
Fast Food, Mexican, Restaurants
American (Traditional), Restaurants
Food, Food Delivery Services, Delis, Sandwiches, Restaurants
Sandwiches, Restaurants
Cheesesteaks, Pizza, Restaurants
Food, Breweries
Food, Grocery
Sandwiches, Restaurants
American (Traditional), Steakhouses, Restaurants
Chinese, Restaurants
Restaurants
Italian, American (New), Restaurants
Thai, Restaurants
Restaurants
Mexican, Restaurants
Soul Food, Barbeque, Restaurants
American (Traditional), Restaurants
Restaurants, Pizza, Italian
Fast Food, Restaurants
Food, Coffee & Tea
Fast Food, Restaurants
Pizza, Restaurants
Restaurants, Italian
Mexican, Restaurants
Food, Ice Cream & Frozen Yogurt, Fast Food, Restaurants
Food
Food, Grocery
American (Traditional), Restaurants
Mexican, Restaurants
Chinese, Restaurants
Fast Food, Restaurants
Pizza, Restaurants
Sandwiches, Restaurants
Food, Coffee & Tea
Mexican, Restaurants
Italian, Pizza, Sandwiches, Restaurants
Food, Farmers Market
Fast Food, Restaurants
Food, Ice Cream & Frozen Yogurt, Coffee & Tea
Asian Fusion, American (New), Chinese, Restaurants
Burgers, American (New), Fish & Chips, Restaurants
Restaurants, Italian
Burgers, Restaurants
Italian, Pizza, Restaurants
Seafood, Restaurants
Chinese, Restaurants
Mexican, Restaurants
Restaurants, Pizza, Italian
Mexican, Restaurants
Food, Beer, Wine & Spirits
Food, Grocery
Food, Grocery
Sandwiches, Restaurants
Food, Juice Bars & Smoothies
Fast Food, Restaurants
Chinese, Restaurants
Burgers, Fast Food, Restaurants
Sandwiches, Restaurants
Mexican, Restaurants
Sandwiches, Restaurants
Sushi Bars, Japanese, Restaurants
Indian, Pakistani, Restaurants
Burgers, Fast Food, Restaurants
American (Traditional), Restaurants
Restaurants, Pizza, Italian
Food, Juice Bars & Smoothies
Sandwiches, Restaurants
Pizza, Restaurants
Asian Fusion, Hawaiian, Restaurants
Food, Desserts, Bakeries
Burgers, Delis, Sandwiches, Restaurants
Food, Grocery
Mexican, Restaurants
Burgers, American (Traditional), Fast Food, Restaurants
Food, Bagels, Delis, Restaurants
Burgers, Restaurants
Mexican, Restaurants
Food, Grocery
Food, Food Trucks
Food, Beer, Wine & Spirits
Mexican, Restaurants
Seafood, American (New), Hawaiian, Restaurants
Pizza, Restaurants
Fast Food, Restaurants
Burgers, Restaurants
Burgers, Breakfast & Brunch, Sandwiches, Restaurants
Breakfast & Brunch, American (New), Restaurants
Chinese, Restaurants
Sandwiches, Restaurants
Sandwiches, Restaurants
Food, Breakfast & Brunch, Bagels, Delis, Restaurants
Restaurants
Mexican, Restaurants
Mexican, Restaurants
Food, Coffee & Tea
Burgers, Hot Dogs, Restaurants
Sandwiches, Salad, Restaurants
Breakfast & Brunch, American (Traditional), Restaurants
Fast Food, Restaurants
Food, Grocery
Italian, Pizza, Restaurants
Food, Desserts
Chinese, Restaurants
Delis, American (New), Sandwiches, Restaurants
Pizza, Restaurants
Food, Specialty Food
Mexican, Restaurants
Creperies, Fondue, French, Restaurants
Greek, Restaurants
Restaurants, Italian
Burgers, Hot Dogs, Restaurants
Mexican, Restaurants
Sandwiches, Restaurants
Thai, Restaurants
Food
Sandwiches, Restaurants
American (New), Restaurants
Food, Specialty Food, Meat Shops, Restaurants
Food, Specialty Food, Meat Shops
Sandwiches, Restaurants
Pizza, Restaurants
Breakfast & Brunch, Restaurants
Mexican, Restaurants
Burgers, Restaurants
Chinese, Restaurants
Latin American, Mexican, Restaurants
Food, Ice Cream & Frozen Yogurt
American (Traditional), Restaurants
Mexican, Restaurants
Breakfast & Brunch, American (Traditional), Restaurants
Burgers, Restaurants
Restaurants, Pizza, Italian
Mexican, Restaurants
Mexican, Restaurants
Restaurants, Italian
Burgers, Restaurants
Chinese, Restaurants
Breakfast & Brunch, Mexican, Salad, Restaurants
Chinese, Restaurants
Fast Food, Chinese, Restaurants
Japanese, Restaurants
Sandwiches, Restaurants
Breakfast & Brunch, Diners, Restaurants
Food, Grocery
Food, Mexican, Butcher, Restaurants
Pizza, Restaurants
Food, Specialty Food, Fruits & Veggies, Farmers Market
Food, Ice Cream & Frozen Yogurt
Sandwiches, Restaurants
Middle Eastern, Lebanese, Mediterranean, Moroccan, Restaurants
Food, Coffee & Tea, Creperies, Restaurants
Fast Food, Restaurants
Food, Sandwiches, Bagels, Breakfast & Brunch, Restaurants
Mexican, Restaurants
Food, Delis, Hot Dogs, Butcher, Restaurants
Tex-Mex, Restaurants
American (New), Restaurants
Mexican, Restaurants
Pizza, Restaurants
Asian Fusion, Buffets, Chinese, Restaurants
Fast Food, Mexican, Tex-Mex, Restaurants
Sandwiches, Restaurants
Italian, Pizza, Restaurants
Mexican, Restaurants
Mexican, Restaurants
Food, Coffee & Tea, American (New), Restaurants
Restaurants, Italian
Food, Specialty Food
Restaurants, Italian
Italian, Pizza, Sandwiches, Restaurants
American (Traditional), Restaurants
Seafood, Sushi Bars, Japanese, Restaurants
Food, Grocery
Food, Desserts
Food, Coffee & Tea
Restaurants
Sandwiches, Pizza, Chicken Wings, Restaurants
American (New), Restaurants
Delis, Fast Food, Sandwiches, Restaurants
Vegetarian, Vietnamese, Restaurants
Delis, Fast Food, Sandwiches, Restaurants
Pizza, Restaurants
Restaurants, Italian
Pizza, Restaurants
Sandwiches, Restaurants
Restaurants, Italian
Food, Beer, Wine & Spirits, American (New), Food Court, Restaurants
Mexican, Restaurants
Burgers, Restaurants
Food, Ice Cream & Frozen Yogurt
American (New), Restaurants
Pizza, Restaurants
Fast Food, Mexican, Restaurants
Food, Grocery
Pizza, Restaurants
Pizza, Restaurants
Sandwiches, Restaurants
Mexican, Restaurants
Food, Juice Bars & Smoothies
Seafood, Fish & Chips, Restaurants
Bakeries, Food
Thai, Restaurants
Fast Food, Sandwiches, Restaurants
Tex-Mex, Restaurants
Mexican, Restaurants
Breakfast & Brunch, Restaurants
Mexican, Restaurants
Food, Coffee & Tea
American (Traditional), American (New), Sandwiches, Restaurants
Mexican, Restaurants
Seafood, Mexican, Restaurants
Thai, Restaurants
Fast Food, Restaurants
Food, Coffee & Tea
Food, Coffee & Tea
Pizza, Restaurants
Chicken Wings, Restaurants
Pizza, Restaurants
Vegetarian, Buffets, Salad, Restaurants
Tapas/Small Plates, Mexican, Restaurants
Food, Coffee & Tea
Vietnamese, Restaurants
Burgers, Fast Food, Restaurants
Food, Coffee & Tea, Creperies, Breakfast & Brunch, Restaurants
Fast Food, Restaurants
Mexican, Restaurants
Sandwiches, Restaurants
Indian, Buffets, Restaurants
Caribbean, Hawaiian, Restaurants
Burgers, American (Traditional), Fast Food, Restaurants
Breakfast & Brunch, American (Traditional), Diners, Restaurants
Pizza, Restaurants
Food, Desserts
Food, Coffee & Tea
Mexican, Tex-Mex, Restaurants
Latin American, Restaurants
Restaurants, Gluten-Free, Italian
Restaurants, Italian
Sandwiches, Pizza, Chicken Wings, Restaurants
Mexican, Restaurants
Restaurants, Pizza, Italian
Pizza, Restaurants
Food, Donuts
Pizza, Restaurants
Food, Ethnic Food, Grocery, Specialty Food
Food, Ethnic Food, Specialty Food, Sandwiches, Restaurants, Hot Dogs
Fast Food, Restaurants
Burgers, Restaurants
Vegetarian, Buffets, Salad, Restaurants
Chinese, Restaurants
Fast Food, Restaurants
Japanese, Restaurants
Mexican, Restaurants
American (Traditional), Restaurants
Italian, Pizza, Restaurants
Food, Grocery, Farmers Market
American (Traditional), Restaurants
Fast Food, Mexican, Tex-Mex, Restaurants
Pizza, Restaurants
Food, Ice Cream & Frozen Yogurt
Breakfast & Brunch, Restaurants
Food, Grocery
Seafood, Fish & Chips, American (Traditional), Restaurants
Sandwiches, Restaurants
Bakeries, Food, Cuban, Restaurants
Fast Food, Restaurants
Fast Food, Mexican, Restaurants
Breakfast & Brunch, Restaurants
Food, Coffee & Tea
Chinese, Restaurants
Food, Beer, Wine & Spirits, Grocery
Mexican, Restaurants
Sandwiches, Restaurants
Food, Ice Cream & Frozen Yogurt
Burgers, Mexican, Restaurants
Food, Ice Cream & Frozen Yogurt
Food, Ice Cream & Frozen Yogurt
Restaurants
Pizza, Restaurants
Chinese, Restaurants
Food, Coffee & Tea
Fast Food, Mexican, Restaurants
Asian Fusion, Sushi Bars, Chinese, Restaurants
Bakeries, Food
Food, Breakfast & Brunch, Delis, Bagels, Restaurants
Restaurants
Latin American, Restaurants
Cafeteria, Scandinavian, Restaurants
Japanese, Restaurants
American (Traditional), Restaurants
Vegetarian, Vegan, Restaurants
Food, Beer, Wine & Spirits, Grocery
Chinese, Restaurants
Food, Juice Bars & Smoothies
Mexican, Restaurants
Cafes, Restaurants
Food, Grocery
Food, Ice Cream & Frozen Yogurt
Chinese, Restaurants
Thai, Restaurants
Food, Convenience Stores
Restaurants, Pizza, French, Italian
Greek, Restaurants
Fast Food, Restaurants
Restaurants
Food, Ice Cream & Frozen Yogurt
Breakfast & Brunch, Restaurants
Food, Donuts
Bakeries, Food, Breakfast & Brunch, Restaurants
Breakfast & Brunch, American (Traditional), Restaurants
Fast Food, Mexican, Tex-Mex, Restaurants
Burgers, Hot Dogs, American (New), Restaurants
Mexican, Restaurants
Food, Shaved Ice
Food, Grocery
Food, Beer, Wine & Spirits, Italian, Pizza, Restaurants
Pizza, Restaurants
Food, Ethnic Food, Specialty Food
American (New), Mexican, Restaurants
Breakfast & Brunch, Restaurants
Sandwiches, Restaurants
Food, Bagels, Coffee & Tea
Pizza, Restaurants
Mexican, Restaurants
Sandwiches, Restaurants
American (Traditional), Mexican, Restaurants
Filipino, Restaurants
Burgers, American (Traditional), Hot Dogs, Restaurants
Breakfast & Brunch, Cafes, Restaurants
Caribbean, Restaurants
American (New), Diners, Restaurants
Burgers, Fast Food, Restaurants
Italian, Pizza, Gluten-Free, Restaurants
Fast Food, Restaurants
Mexican, Restaurants
Chicken Wings, Restaurants
Mexican, Restaurants
Food, Grocery, Convenience Stores
Food, Coffee & Tea
Fast Food, Restaurants
Chinese, Food, Ethnic Food, Buffets, Specialty Food, Restaurants
Burgers, Restaurants
Food, Food Trucks
Cafes, Restaurants
Burgers, Restaurants
Chinese, Restaurants
Vietnamese, Restaurants
Food, Coffee & Tea
Mexican, Sandwiches, Salad, Restaurants
Food, Coffee & Tea
Mexican, Restaurants
Burgers, Restaurants
Mexican, Restaurants
Food, Desserts
Breakfast & Brunch, American (Traditional), Restaurants
Seafood, Restaurants
Food, Coffee & Tea
Food, Beer, Wine & Spirits, Restaurants, Burgers
Steakhouses, American (Traditional), Restaurants
Mexican, Restaurants
Fast Food, Restaurants
Food, Coffee & Tea
Sandwiches, Restaurants
Fast Food, Restaurants
Food, Grocery
Sandwiches, Restaurants
Breakfast & Brunch, American (Traditional), Comfort Food, Restaurants
Burgers, Fast Food, Restaurants
American (New), Restaurants
Sandwiches, Restaurants
Burgers, Fast Food, Restaurants
Chinese, Restaurants
Asian Fusion, Mongolian, Restaurants
Restaurants, Italian
Italian, Pizza, Restaurants
Burgers, Hot Dogs, Restaurants
Food, Donuts, Coffee & Tea, Bubble Tea
Food, Specialty Food
Burgers, Restaurants
Food, Grocery
Fast Food, Mexican, Restaurants
American (Traditional), Restaurants
Food, Donuts, Grocery
Mexican, Restaurants
Fast Food, Japanese, Restaurants
Food, Burgers, Food Trucks, Restaurants
Sandwiches, Restaurants
Buffets, Restaurants
American (Traditional), Restaurants
Mexican, Restaurants
Restaurants
Breakfast & Brunch, American (Traditional), Diners, Restaurants
Mexican, Restaurants
Sandwiches, Restaurants
American (Traditional), Restaurants, American (New), Italian
Food, Beer, Wine & Spirits, Italian, Pizza, Restaurants
Fast Food, Japanese, Restaurants
Fast Food, Pizza, Restaurants
Seafood, Fish & Chips, Restaurants
Food, Convenience Stores
Food, Coffee & Tea
Food, Desserts, Delis, Pizza, Restaurants
Food, Coffee & Tea
Modern European, Restaurants
Gluten-Free, American (New), Vegan, Restaurants
Seafood, Japanese, Restaurants
Buffets, Restaurants
Fast Food, Restaurants
Restaurants, Italian
Mexican, Restaurants
Burgers, Fast Food, Restaurants
Restaurants, Pizza, Italian
Sushi Bars, Japanese, Restaurants
Breakfast & Brunch, Restaurants
Sandwiches, Restaurants
Food, Coffee & Tea
Japanese, Restaurants
Food, Bubble Tea, Juice Bars & Smoothies, Ice Cream & Frozen Yogurt
Sandwiches, Pizza, Chicken Wings, Restaurants
Breakfast & Brunch, Sandwiches, Restaurants
Burgers, Fast Food, Restaurants
Sushi Bars, Japanese, Restaurants
Food, Coffee & Tea
Buffets, Chinese, Restaurants
Food, Coffee & Tea
Tex-Mex, Restaurants
Fast Food, Chinese, Restaurants
Food, Grocery
Food, Mexican, Food Trucks, Restaurants
Food, Grocery
Caribbean, Restaurants
American (New), Restaurants
Sandwiches, Restaurants
Mexican, Restaurants
Greek, Mediterranean, Restaurants
Soup, Sandwiches, Salad, Restaurants
Sandwiches, Restaurants
Restaurants, Pizza, Italian
Food, Ice Cream & Frozen Yogurt
Mexican, Restaurants
Breakfast & Brunch, Cafes, Restaurants
Food, Tea Rooms
Mexican, Restaurants
Food, Bakeries, Convenience Stores, Grocery
Italian, Pizza, Restaurants
Mexican, Restaurants
Chinese, Restaurants
Chinese, Restaurants
Sandwiches, Restaurants
Italian, American (Traditional), Mediterranean, Restaurants
Barbeque, Restaurants
American (Traditional), Restaurants
Chinese, Restaurants
Mexican, Restaurants
Burgers, Hot Dogs, American (New), Restaurants
Food, Grocery
Breakfast & Brunch, Cafes, Restaurants
Fast Food, Restaurants
American (Traditional), Restaurants
Pizza, Restaurants
Food, Ice Cream & Frozen Yogurt, Coffee & Tea, Breakfast & Brunch, Restaurants
Thai, Restaurants
Buffets, Chinese, Restaurants
Food, Beer, Wine & Spirits, Grocery
German, Restaurants
Pizza, Restaurants
American (Traditional), Chinese, Restaurants
Food, Coffee & Tea
Breakfast & Brunch, Diners, Restaurants
Gastropubs, American (Traditional), Restaurants
Cafes, Restaurants
Barbeque, Hawaiian, Restaurants
Food, Ice Cream & Frozen Yogurt
Thai, Restaurants
Food, Coffee & Tea
Vegetarian, American (New), Mediterranean, Restaurants
Burgers, Fast Food, Restaurants
Thai, Restaurants
Food, Ethnic Food, Specialty Food, Mexican, Restaurants
Breakfast & Brunch, American (Traditional), Restaurants
Food, Breakfast & Brunch, Bagels, Delis, Restaurants
Latin American, Restaurants
Bakeries, Food, Coffee & Tea
Fast Food, Restaurants
Food, Coffee & Tea
Food, Street Vendors
Hawaiian, Restaurants
Sandwiches, Restaurants
Food, Juice Bars & Smoothies, Salad, Restaurants
Chinese, Restaurants
Chinese, Restaurants
Barbeque, Restaurants
Chinese, Restaurants
Pizza, Restaurants
Pizza, Restaurants
Burgers, Fast Food, Restaurants
Burgers, American (Traditional), Restaurants
Thai, Restaurants
American (New), Restaurants
Chinese, Restaurants
Mexican, Restaurants
Mexican, Restaurants
Pizza, Restaurants
Food, Donuts
Greek, Middle Eastern, Restaurants
Diners, Restaurants
Restaurants
Steakhouses, Barbeque, Restaurants
Sushi Bars, Restaurants
Burgers, Restaurants
Pizza, Restaurants
Food, Coffee & Tea
Chinese, Restaurants
Pizza, Restaurants
Mexican, Restaurants
Food, Food Delivery Services, Delis, Sandwiches, Restaurants
Japanese, Restaurants
Food, Grocery
Fast Food, Restaurants
Breakfast & Brunch, American (New), Restaurants
Food, Grocery
Restaurants
Food, Ice Cream & Frozen Yogurt
Pizza, Restaurants
Burgers, Fast Food, Restaurants
Sandwiches, Restaurants
Japanese, Restaurants
Diners, Restaurants
Food, Coffee & Tea
Fast Food, Restaurants
Food, Desserts, Barbeque, Restaurants
Food, Grocery
Burgers, American (Traditional), Sandwiches, Restaurants
Steakhouses, Sushi Bars, Japanese, Restaurants
Food, Donuts
Sandwiches, Restaurants
Cafes, Restaurants
Mexican, Restaurants
Mexican, Restaurants
Mexican, Tex-Mex, Restaurants
Japanese, Restaurants
Food, Specialty Food, Sandwiches, Restaurants
Burgers, Restaurants
Food, Grocery, Middle Eastern, Moroccan, Restaurants
Burgers, American (Traditional), Fast Food, Restaurants
Food, Bagels
Mexican, Restaurants
Fast Food, Restaurants
Food, Beer, Wine & Spirits
Food, Coffee & Tea, Bagels
Bakeries, Food
Fast Food, Restaurants
Thai, Restaurants
Mediterranean, Middle Eastern, Halal, Restaurants
Burgers, Fast Food, Restaurants
Pizza, Restaurants
Pizza, Mediterranean, Restaurants
Latin American, Restaurants
Food, Grocery, Farmers Market
Food, Grocery
Gluten-Free, Asian Fusion, Chinese, Restaurants
Mexican, Restaurants
Pizza, Restaurants
Chinese, Restaurants
Restaurants, Pizza, Italian
Fast Food, Mexican, Tex-Mex, Restaurants
Hot Dogs, Restaurants
Food, Desserts, American (Traditional), American (New), Restaurants
Food, Donuts
Mexican, Restaurants
Chinese, Restaurants
Sandwiches, Restaurants
Pizza, Restaurants
Food, Specialty Food, Meat Shops
Chinese, Restaurants
Food, Coffee & Tea
Korean, Japanese, Restaurants
Food, Gelato, Pizza, Sandwiches, Restaurants
Italian, Pizza, Restaurants
Sandwiches, Restaurants
Pizza, Restaurants
Chinese, Restaurants
Food, Coffee & Tea
Food, Coffee & Tea
American (Traditional), American (New), Restaurants
Vietnamese, Restaurants
American (Traditional), Diners, Restaurants
Thai, Restaurants
Food, Ice Cream & Frozen Yogurt
Food, Specialty Food, Meat Shops
Korean, Chinese, Restaurants
Pizza, Restaurants
Chinese, Restaurants
Fast Food, Sandwiches, Restaurants
Seafood, Steakhouses, American (Traditional), Restaurants
American (Traditional), Restaurants
Sushi Bars, Restaurants
Pizza, Restaurants
Steakhouses, Restaurants
Cafes, Restaurants
American (Traditional), Pizza, Restaurants
Food, Specialty Food, Beer, Wine & Spirits
Breakfast & Brunch, American (Traditional), Restaurants
Food, Burgers, Ice Cream & Frozen Yogurt, Sandwiches, Restaurants
Food, Beer, Wine & Spirits, Grocery
Food, Bakeries, Grocery, Convenience Stores
Food, Ice Cream & Frozen Yogurt
Food, Ice Cream & Frozen Yogurt
Pizza, Salad, Restaurants
Food, Sandwiches, Coffee & Tea, Breakfast & Brunch, Restaurants
American (Traditional), Restaurants
Sandwiches, Pizza, Chicken Wings, Restaurants
Burgers, American (Traditional), Restaurants
Breakfast & Brunch, American (New), Restaurants
Seafood, Restaurants
Delis, Fast Food, Sandwiches, Restaurants
Breakfast & Brunch, Delis, Sandwiches, Restaurants
Fast Food, Restaurants
Mexican, Restaurants
Food, Coffee & Tea, Cafes, Restaurants
Food, Coffee & Tea
Food, Grocery
Food, Grocery
Pizza, Restaurants
Restaurants, Pizza, Italian
Food, Ice Cream & Frozen Yogurt
Burgers, Fast Food, Restaurants
Food, Farmers Market
Barbeque, Restaurants
Food, Donuts
Hot Dogs, Pizza, Sandwiches, Restaurants
Chicken Wings, Chinese, Restaurants
Restaurants
Sandwiches, Restaurants
Breakfast & Brunch, Mexican, Restaurants
Food, Ethnic Food, Restaurants, Ethiopian, Specialty Food
American (Traditional), Fast Food, Restaurants
Burgers, Fast Food, Restaurants
Mexican, Restaurants
Sandwiches, Restaurants
Food, Coffee & Tea, Sandwiches, Restaurants
Food, Grocery
Sandwiches, Restaurants
Burgers, Restaurants
Sushi Bars, Japanese, Restaurants
Food, Desserts, Bakeries
Mexican, Restaurants
Food, Specialty Food, Fruits & Veggies, Ethnic Food
Food, Grocery
Hot Dogs, Restaurants
Food, Breweries, American (New), Restaurants
Chinese, Restaurants
Food, Donuts
Pizza, Restaurants
Food, Coffee & Tea
Fast Food, American (New), Restaurants
Delis, Fast Food, Sandwiches, Restaurants
Sandwiches, Restaurants
Fast Food, Restaurants
American (New), Restaurants
Mexican, Restaurants
Food, Desserts, Bakeries
Fast Food, Restaurants
Burgers, Restaurants
American (Traditional), Restaurants
Pizza, Restaurants
Seafood, Mexican, Restaurants
Food, Ice Cream & Frozen Yogurt, Coffee & Tea
Thai, Restaurants
Seafood, Fish & Chips, Southern, Restaurants
Asian Fusion, Mongolian, Restaurants
Fast Food, Restaurants
Mexican, Restaurants
Food, Desserts, Cupcakes, Bakeries
Food, Ice Cream & Frozen Yogurt
Food, Coffee & Tea
Breakfast & Brunch, Restaurants
Burgers, Fast Food, Restaurants
Chinese, Restaurants
Delis, Sandwiches, Restaurants
Japanese, Restaurants
Breakfast & Brunch, American (Traditional), Restaurants
Sandwiches, Restaurants
Restaurants, Italian
Food, Breweries, American (New), Pizza, Restaurants
Fast Food, Restaurants
Sandwiches, Restaurants
Burgers, American (Traditional), Fast Food, Restaurants
Chinese, Restaurants
American (New), Restaurants
Mexican, Restaurants
Food, Breakfast & Brunch, Delis, Bagels, Restaurants
Bakeries, Food
Fast Food, American (New), Restaurants
Food, Ice Cream & Frozen Yogurt
Gastropubs, American (New), Restaurants
Burgers, American (Traditional), Sandwiches, Restaurants
Chinese, Restaurants
Pizza, Restaurants
Italian, Pizza, Sandwiches, Restaurants
American (New), Restaurants
Food, Farmers Market
Basque, Spanish, Restaurants
Thai, Restaurants
Pizza, Restaurants
Pizza, Restaurants
Burgers, Fast Food, Restaurants
Sandwiches, Restaurants
Mexican, Restaurants
Food, Donuts, Juice Bars & Smoothies
Bakeries, Food
Food, Juice Bars & Smoothies
Food, Grocery
Food, Grocery, Farmers Market
Burgers, American (Traditional), Fast Food, Restaurants
Fast Food, Restaurants
Fast Food, Restaurants
Sandwiches, Restaurants
Food, Convenience Stores
Sandwiches, Restaurants
Mexican, Restaurants
Bakeries, Food
Cafes, Restaurants
Food, Donuts
Restaurants
Mexican, Restaurants
Food, Grocery
American (New), Restaurants
Pizza, Restaurants
Pizza, Restaurants
Buffets, Chinese, Restaurants
Gluten-Free, Asian Fusion, Chinese, Restaurants
American (Traditional), Southern, Restaurants
Food, Ice Cream & Frozen Yogurt
American (New), Restaurants
Sushi Bars, American (New), Restaurants
Food, Grocery
Comfort Food, Restaurants
Breakfast & Brunch, Pizza, Sandwiches, Restaurants
Mexican, Restaurants
Fast Food, Restaurants
Burgers, Fast Food, Restaurants
Mexican, Restaurants
Cuban, Cafes, Restaurants
Breakfast & Brunch, Restaurants
Steakhouses, Restaurants
Burgers, Restaurants
Diners, Restaurants
Food, Coffee & Tea
Food, Coffee & Tea
Mexican, Restaurants
American (New), Restaurants
Mexican, Restaurants
Food, Juice Bars & Smoothies, Food Trucks, Salad, Restaurants
American (New), Restaurants
Food, Indonesian, Asian Fusion, Food Trucks, Restaurants
Fish & Chips, American (New), Restaurants
Food, Breweries
Seafood, Sushi Bars, Japanese, Restaurants
Restaurants, Pizza, Italian
Mexican, Restaurants
Fast Food, Mexican, Tex-Mex, Restaurants
Vegetarian, Vegan, Restaurants
Fast Food, Restaurants
Mexican, Restaurants
Soul Food, Cajun/Creole, Fast Food, Restaurants
Pizza, Restaurants
Food, Coffee & Tea
Fast Food, Restaurants
Asian Fusion, Restaurants
Delis, Fast Food, Sandwiches, Restaurants
African, Ethiopian, Vegan, Restaurants
Fast Food, Japanese, Restaurants
Brasseries, American (New), Restaurants
Vietnamese, Restaurants
Delis, Fast Food, Restaurants
Cheesesteaks, Pizza, Chicken Wings, Restaurants
Spanish, Steakhouses, Restaurants
Fast Food, Restaurants
Food, Bagels, Breakfast & Brunch, Restaurants
Indian, Buffets, Restaurants
Food, Ice Cream & Frozen Yogurt
Burgers, American (Traditional), Fast Food, Restaurants
Food, Ice Cream & Frozen Yogurt
Food, Donuts, Coffee & Tea
Restaurants, Pizza, Italian
Breakfast & Brunch, American (Traditional), Restaurants
Burgers, Fast Food, Restaurants
Food, Specialty Food, Meat Shops
Restaurants, Italian
Mexican, Restaurants
Pizza, Restaurants
Pizza, Restaurants
Barbeque, Restaurants
Greek, Mediterranean, Restaurants
Food, Ice Cream & Frozen Yogurt
American (Traditional), American (New), Restaurants
American (Traditional), Restaurants
Mexican, Restaurants
Buffets, Restaurants
Food, Grocery
Food, Burgers, Bagels, Comfort Food, Restaurants
Food, Breweries, American (New), Pizza, Restaurants
Mexican, Restaurants
Food, Burgers, Ice Cream & Frozen Yogurt, Diners, Restaurants
Fast Food, Pizza, Restaurants
Food, Breakfast & Brunch, Bagels, Delis, Restaurants
Burgers, Restaurants
Burgers, Restaurants
Sandwiches, Restaurants
Pizza, Restaurants
Mexican, Food, Seafood Markets, Specialty Food, Restaurants, Fish & Chips
Fast Food, Mexican, Tex-Mex, Restaurants
Food, Grocery
Food, Desserts
Food, Grocery
American (New), Restaurants
Tex-Mex, Restaurants
Fast Food, Mexican, Restaurants
Food, Ice Cream & Frozen Yogurt, Desserts
Food, Coffee & Tea
Bakeries, Food
Thai, Restaurants
Food, Coffee & Tea
Chinese, Restaurants
Chinese, Restaurants
Delis, Italian, Sandwiches, Restaurants
Mexican, Restaurants
Burgers, American (Traditional), Fast Food, Restaurants
Food, Coffee & Tea
Food, Coffee & Tea
American (New), Restaurants
Food, Desserts, Delis, Sandwiches, Restaurants
Burgers, Fast Food, Restaurants
Food, Tea Rooms, Breakfast & Brunch, Coffee & Tea, Restaurants
American (Traditional), Fast Food, Restaurants
Italian, Pizza, Restaurants
Burgers, Restaurants
Burgers, Restaurants
Food, Donuts
Sandwiches, Restaurants
Mexican, Restaurants
Chinese, Restaurants
Mexican, Restaurants
Restaurants
American (New), Restaurants
Restaurants, Pizza, Italian
Sandwiches, Restaurants
Food, Grocery
Burgers, Fast Food, Restaurants
Steakhouses, American (New), Restaurants
Restaurants, Italian
Burgers, Breakfast & Brunch, Restaurants
Food, Convenience Stores
Delis, Fast Food, Sandwiches, Restaurants
Bakeries, Food
Sandwiches, Salad, Restaurants
Restaurants, Italian
Food, Coffee & Tea
Food, Grocery
Food, Food Delivery Services, Greek, Mediterranean, Restaurants
Seafood, Caribbean, Diners, Restaurants
Vegetarian, American (New), Mediterranean, Restaurants
Food, Bagels, Delis, Restaurants
Mexican, Restaurants
Restaurants, Italian
Food, Coffee & Tea
Buffets, Restaurants
American (Traditional), Buffets, Restaurants
Fast Food, Restaurants
Greek, Restaurants
Breakfast & Brunch, American (Traditional), Restaurants
Coffee & Tea, Food, Cafes, Chocolatiers & Shops, Specialty Food, Restaurants
Food, Coffee & Tea
Burgers, Fast Food, Restaurants
Vegetarian, Buffets, Salad, Restaurants
Indian, Restaurants
Sandwiches, Restaurants
Food, Donuts
Restaurants, Italian
Thai, Restaurants
Fast Food, Pizza, Restaurants
Food, Ice Cream & Frozen Yogurt, Fast Food, Restaurants
Vietnamese, Restaurants
Fast Food, Restaurants
Burgers, Restaurants
Food, Sandwiches, Bagels, Breakfast & Brunch, Restaurants
Mexican, Restaurants
American (New), Restaurants
Food, Farmers Market
Restaurants, Italian
Food, Ice Cream & Frozen Yogurt
Thai, Restaurants
Fast Food, Restaurants
Pizza, Restaurants
Sandwiches, Restaurants
Restaurants, Italian
Fast Food, Sandwiches, Restaurants
Food, Ice Cream & Frozen Yogurt
American (New), Restaurants
Mexican, Restaurants
Mexican, Restaurants
Food, Specialty Food, French, Restaurants
Sandwiches, Restaurants
Dim Sum, Chinese, Restaurants
Chinese, Restaurants
Delis, Sandwiches, Salad, Restaurants
Food, Donuts
Cafes, Restaurants
Italian, Pizza, Sandwiches, Restaurants
Fast Food, Mexican, Tex-Mex, Restaurants
Sandwiches, Restaurants
Food, Ice Cream & Frozen Yogurt
Fast Food, American (New), Mexican, Restaurants
Burgers, Fast Food, Restaurants
Food, Coffee & Tea
Restaurants, Italian
Food, Grocery, Convenience Stores
Sushi Bars, Japanese, Gluten-Free, Restaurants
Japanese, Restaurants
Food, Juice Bars & Smoothies
Delis, Sandwiches, Restaurants
Food, Sandwiches, Bagels, Breakfast & Brunch, Restaurants
Restaurants
Burgers, Restaurants
Breakfast & Brunch, Restaurants
Mexican, Restaurants
Food, Ethnic Food, Restaurants, Polish, Specialty Food
Pizza, Restaurants
Burgers, Fast Food, Restaurants
Asian Fusion, Mongolian, Restaurants
Breakfast & Brunch, American (Traditional), Restaurants
American (Traditional), Fast Food, Restaurants
Buffets, Mongolian, Restaurants
Food, Desserts, Ice Cream & Frozen Yogurt
Food, Grocery
Breakfast & Brunch, Tex-Mex, Restaurants
Italian, Pizza, Sandwiches, Restaurants
Sandwiches, Restaurants
Food, Farmers Market
Mexican, Restaurants
Chinese, Restaurants
Chinese, Restaurants
Sandwiches, Restaurants
American (Traditional), Restaurants
Greek, Mediterranean, Restaurants
American (Traditional), Comfort Food, Barbeque, Restaurants
Sandwiches, Pizza, Chicken Wings, Restaurants
Food, Coffee & Tea
Delis, Sandwiches, Restaurants
Mexican, Restaurants
Sandwiches, Restaurants
Fast Food, Mexican, Restaurants
Seafood, Cajun/Creole, Restaurants
Food, Grocery
Bakeries, Food, Desserts
Restaurants
Food, Breakfast & Brunch, Bagels, Delis, Restaurants
American (Traditional), Restaurants
Sandwiches, Restaurants
Chinese, Restaurants
Italian, Pizza, Gluten-Free, Restaurants
Food, Desserts, Ice Cream & Frozen Yogurt
Italian, Pizza, Restaurants
Burgers, American (Traditional), Restaurants
Sushi Bars, Restaurants
Restaurants
Food, Juice Bars & Smoothies, Cafes, Restaurants
Italian, Pizza, Sandwiches, Restaurants
Food, Burgers, Ice Cream & Frozen Yogurt, Restaurants
Food, Gelato
Steakhouses, Restaurants
Fast Food, Restaurants
Food, Coffee & Tea
Food, Coffee & Tea
Breakfast & Brunch, American (New), Restaurants
Buffets, Chinese, Restaurants
Mexican, Restaurants
Steakhouses, Restaurants
Fast Food, Restaurants
Thai, Restaurants
Mexican, Restaurants
Breakfast & Brunch, Restaurants
Sushi Bars, Japanese, Restaurants
Fast Food, Mexican, Tex-Mex, Restaurants
Mexican, Restaurants
Mexican, Restaurants
Food, Farmers Market
Food, American (New), Shaved Ice, Restaurants
Latin American, Restaurants
Mexican, Restaurants
Bakeries, Food, Gluten-Free, Donuts, Restaurants
Burgers, Fast Food, Restaurants
Fast Food, Mexican, Tex-Mex, Restaurants
Food, Coffee & Tea
Pizza, Restaurants
American (New), Restaurants
Mexican, Restaurants
Burgers, American (Traditional), Sandwiches, Restaurants
Food, Specialty Food, Street Vendors, Fruits & Veggies
Sushi Bars, Restaurants
Gluten-Free, American (Traditional), Barbeque, Restaurants
Bakeries, Food, Grocery, Beer, Wine & Spirits
Food, Beer, Wine & Spirits, Breweries, Do-It-Yourself Food
American (Traditional), Restaurants
Food, Desserts, Creperies, French, Restaurants
Hot Dogs, Restaurants
Chinese, Restaurants
American (Traditional), Restaurants
Italian, Pizza, Restaurants
Burgers, Restaurants
Food, Specialty Food, Meat Shops
Greek, Mediterranean, Restaurants
Latin American, Restaurants
Fast Food, Restaurants
Persian/Iranian, Middle Eastern, Restaurants
Mexican, Restaurants
Fast Food, Restaurants
Chinese, Restaurants
Fast Food, Restaurants
Fast Food, Tex-Mex, Restaurants
Mexican, Restaurants
Food, Coffee & Tea
Breakfast & Brunch, American (Traditional), Restaurants
Mexican, Restaurants
Hot Dogs, Mexican, Restaurants
Hot Dogs, Restaurants
Japanese, Restaurants
Thai, Vegetarian, Restaurants
Fast Food, Mexican, Tex-Mex, Restaurants
Food, Ice Cream & Frozen Yogurt
Fast Food, Mexican, Tex-Mex, Restaurants
Chinese, Restaurants
Food
Mexican, Restaurants
Italian, Pizza, Sandwiches, Restaurants
Restaurants
Mexican, Restaurants
Mexican, Restaurants
Pizza, Restaurants
Burgers, Pizza, Restaurants
Food, Donuts, Breakfast & Brunch, Restaurants
Pizza, Restaurants
Mexican, Restaurants
Burgers, Restaurants
Burgers, Restaurants
Burgers, American (Traditional), Hot Dogs, Restaurants
Restaurants
Food, Ethnic Food, Restaurants, Vietnamese, Specialty Food
Food, Grocery
Food, Food Trucks
Breakfast & Brunch, Cafes, American (Traditional), Restaurants
American (Traditional), Restaurants
Sushi Bars, Japanese, Restaurants
Food, Convenience Stores
Mexican, Restaurants
